{
  "Get characters" : {
    "transaction" : "Get characters",
    "sampleCount" : 100,
    "errorCount" : 0,
    "errorPct" : 0.0,
    "meanResTime" : 8.730000000000002,
    "medianResTime" : 2.0,
    "minResTime" : 1.0,
    "maxResTime" : 46.0,
    "pct1ResTime" : 45.0,
    "pct2ResTime" : 46.0,
    "pct3ResTime" : 46.0,
    "throughput" : 115.60693641618496,
    "receivedKBytesPerSec" : 440.99417449421964,
    "sentKBytesPerSec" : 14.22507225433526
  },
  "Delete character" : {
    "transaction" : "Delete character",
    "sampleCount" : 100,
    "errorCount" : 0,
    "errorPct" : 0.0,
    "meanResTime" : 1.8,
    "medianResTime" : 1.0,
    "minResTime" : 0.0,
    "maxResTime" : 8.0,
    "pct1ResTime" : 6.0,
    "pct2ResTime" : 6.0,
    "pct3ResTime" : 8.0,
    "throughput" : 124.37810945273633,
    "receivedKBytesPerSec" : 30.244286380597014,
    "sentKBytesPerSec" : 25.87161847014925
  },
  "Total" : {
    "transaction" : "Total",
    "sampleCount" : 500,
    "errorCount" : 0,
    "errorPct" : 0.0,
    "meanResTime" : 3.255999999999999,
    "medianResTime" : 1.0,
    "minResTime" : 0.0,
    "maxResTime" : 46.0,
    "pct1ResTime" : 6.0,
    "pct2ResTime" : 11.0,
    "pct3ResTime" : 46.0,
    "throughput" : 575.3739930955121,
    "receivedKBytesPerSec" : 548.6449492951668,
    "sentKBytesPerSec" : 104.73604718066744
  },
  "Get character by ID" : {
    "transaction" : "Get character by ID",
    "sampleCount" : 100,
    "errorCount" : 0,
    "errorPct" : 0.0,
    "meanResTime" : 1.4400000000000002,
    "medianResTime" : 1.0,
    "minResTime" : 0.0,
    "maxResTime" : 7.0,
    "pct1ResTime" : 4.0,
    "pct2ResTime" : 5.0,
    "pct3ResTime" : 6.989999999999995,
    "throughput" : 122.24938875305622,
    "receivedKBytesPerSec" : 30.681731356968218,
    "sentKBytesPerSec" : 15.161789425427873
  },
  "Change character" : {
    "transaction" : "Change character",
    "sampleCount" : 100,
    "errorCount" : 0,
    "errorPct" : 0.0,
    "meanResTime" : 1.9200000000000004,
    "medianResTime" : 1.0,
    "minResTime" : 0.0,
    "maxResTime" : 12.0,
    "pct1ResTime" : 5.900000000000006,
    "pct2ResTime" : 6.0,
    "pct3ResTime" : 11.989999999999995,
    "throughput" : 123.60939431396787,
    "receivedKBytesPerSec" : 28.367390296662546,
    "sentKBytesPerSec" : 28.005253399258343
  },
  "Create character" : {
    "transaction" : "Create character",
    "sampleCount" : 100,
    "errorCount" : 0,
    "errorPct" : 0.0,
    "meanResTime" : 2.390000000000001,
    "medianResTime" : 1.0,
    "minResTime" : 0.0,
    "maxResTime" : 11.0,
    "pct1ResTime" : 8.900000000000006,
    "pct2ResTime" : 11.0,
    "pct3ResTime" : 11.0,
    "throughput" : 122.54901960784314,
    "receivedKBytesPerSec" : 28.124042585784316,
    "sentKBytesPerSec" : 28.004365808823533
  }
}