{
  "Get characters" : {
    "transaction" : "Get characters",
    "sampleCount" : 2000,
    "errorCount" : 133,
    "errorPct" : 6.65,
    "meanResTime" : 656.0585000000016,
    "medianResTime" : 73.0,
    "minResTime" : 0.0,
    "maxResTime" : 2519.0,
    "pct1ResTime" : 2190.7000000000003,
    "pct2ResTime" : 2372.95,
    "pct3ResTime" : 2482.0,
    "throughput" : 620.1550387596899,
    "receivedKBytesPerSec" : 2324.811349321705,
    "sentKBytesPerSec" : 71.23364825581395
  },
  "Delete character" : {
    "transaction" : "Delete character",
    "sampleCount" : 2000,
    "errorCount" : 0,
    "errorPct" : 0.0,
    "meanResTime" : 17.148499999999984,
    "medianResTime" : 3.0,
    "minResTime" : 0.0,
    "maxResTime" : 88.0,
    "pct1ResTime" : 69.0,
    "pct2ResTime" : 71.0,
    "pct3ResTime" : 84.0,
    "throughput" : 768.0491551459293,
    "receivedKBytesPerSec" : 186.76195276497694,
    "sentKBytesPerSec" : 159.76022465437788
  },
  "Total" : {
    "transaction" : "Total",
    "sampleCount" : 10000,
    "errorCount" : 133,
    "errorPct" : 1.33,
    "meanResTime" : 167.0071999999996,
    "medianResTime" : 4.0,
    "minResTime" : 0.0,
    "maxResTime" : 2519.0,
    "pct1ResTime" : 187.0,
    "pct2ResTime" : 1547.7499999999945,
    "pct3ResTime" : 2372.99,
    "throughput" : 3097.893432465923,
    "receivedKBytesPerSec" : 2913.186679542286,
    "sentKBytesPerSec" : 558.8436386694548
  },
  "Get character by ID" : {
    "transaction" : "Get character by ID",
    "sampleCount" : 2000,
    "errorCount" : 0,
    "errorPct" : 0.0,
    "meanResTime" : 121.94050000000014,
    "medianResTime" : 5.0,
    "minResTime" : 1.0,
    "maxResTime" : 1938.0,
    "pct1ResTime" : 171.0,
    "pct2ResTime" : 1353.8499999999995,
    "pct3ResTime" : 1640.95,
    "throughput" : 661.5944426066822,
    "receivedKBytesPerSec" : 166.04469897452861,
    "sentKBytesPerSec" : 82.05321700297718
  },
  "Change character" : {
    "transaction" : "Change character",
    "sampleCount" : 2000,
    "errorCount" : 0,
    "errorPct" : 0.0,
    "meanResTime" : 18.713999999999988,
    "medianResTime" : 3.0,
    "minResTime" : 0.0,
    "maxResTime" : 155.0,
    "pct1ResTime" : 72.0,
    "pct2ResTime" : 84.0,
    "pct3ResTime" : 87.99000000000001,
    "throughput" : 744.3245254931151,
    "receivedKBytesPerSec" : 170.81666356531449,
    "sentKBytesPerSec" : 168.6360253070339
  },
  "Create character" : {
    "transaction" : "Create character",
    "sampleCount" : 2000,
    "errorCount" : 0,
    "errorPct" : 0.0,
    "meanResTime" : 21.174499999999977,
    "medianResTime" : 4.0,
    "minResTime" : 0.0,
    "maxResTime" : 185.0,
    "pct1ResTime" : 83.0,
    "pct2ResTime" : 98.0,
    "pct3ResTime" : 137.99,
    "throughput" : 696.1364427427776,
    "receivedKBytesPerSec" : 159.7578750435085,
    "sentKBytesPerSec" : 159.0780542986425
  }
}