{
  "Get characters" : {
    "transaction" : "Get characters",
    "sampleCount" : 59777,
    "errorCount" : 4939,
    "errorPct" : 8.262375,
    "meanResTime" : 4519.230540174322,
    "medianResTime" : 161.0,
    "minResTime" : 0.0,
    "maxResTime" : 71583.0,
    "pct1ResTime" : 64845.0,
    "pct2ResTime" : 65096.0,
    "pct3ResTime" : 65292.0,
    "throughput" : 804.6547941148757,
    "receivedKBytesPerSec" : 3361.721318621364,
    "sentKBytesPerSec" : 97.772981615717
  },
  "Delete character" : {
    "transaction" : "Delete character",
    "sampleCount" : 54927,
    "errorCount" : 1,
    "errorPct" : 0.0018205983,
    "meanResTime" : 119.92533726582622,
    "medianResTime" : 154.0,
    "minResTime" : 0.0,
    "maxResTime" : 301.0,
    "pct1ResTime" : 174.0,
    "pct2ResTime" : 179.0,
    "pct3ResTime" : 185.0,
    "throughput" : 900.088489774515,
    "receivedKBytesPerSec" : 218.86917378306077,
    "sentKBytesPerSec" : 187.22543781442548
  },
  "Total" : {
    "transaction" : "Total",
    "sampleCount" : 281035,
    "errorCount" : 5785,
    "errorPct" : 2.0584624,
    "meanResTime" : 1140.0837760421296,
    "medianResTime" : 166.0,
    "minResTime" : 0.0,
    "maxResTime" : 71583.0,
    "pct1ResTime" : 64845.0,
    "pct2ResTime" : 65096.0,
    "pct3ResTime" : 65292.0,
    "throughput" : 3350.0816555209863,
    "receivedKBytesPerSec" : 3607.9078571274244,
    "sentKBytesPerSec" : 604.7797233360453
  },
  "Get character by ID" : {
    "transaction" : "Get character by ID",
    "sampleCount" : 55939,
    "errorCount" : 756,
    "errorPct" : 1.3514721,
    "meanResTime" : 494.5354403904245,
    "medianResTime" : 154.0,
    "minResTime" : 0.0,
    "maxResTime" : 64692.0,
    "pct1ResTime" : 175.0,
    "pct2ResTime" : 182.0,
    "pct3ResTime" : 43031.98,
    "throughput" : 668.4950823982122,
    "receivedKBytesPerSec" : 170.1083087042448,
    "sentKBytesPerSec" : 82.78011246848074
  },
  "Change character" : {
    "transaction" : "Change character",
    "sampleCount" : 55086,
    "errorCount" : 1,
    "errorPct" : 0.0018153433,
    "meanResTime" : 118.53220418981185,
    "medianResTime" : 153.0,
    "minResTime" : 0.0,
    "maxResTime" : 301.0,
    "pct1ResTime" : 173.0,
    "pct2ResTime" : 179.0,
    "pct3ResTime" : 189.0,
    "throughput" : 900.8192834131903,
    "receivedKBytesPerSec" : 206.7309878926755,
    "sentKBytesPerSec" : 204.0918688983009
  },
  "Create character" : {
    "transaction" : "Create character",
    "sampleCount" : 55306,
    "errorCount" : 88,
    "errorPct" : 0.15911475,
    "meanResTime" : 171.3553321520255,
    "medianResTime" : 152.0,
    "minResTime" : 0.0,
    "maxResTime" : 40384.0,
    "pct1ResTime" : 173.0,
    "pct2ResTime" : 179.0,
    "pct3ResTime" : 190.0,
    "throughput" : 900.7198462590795,
    "receivedKBytesPerSec" : 206.70816784265983,
    "sentKBytesPerSec" : 205.82855861779746
  }
}