{
  "Get characters" : {
    "transaction" : "Get characters",
    "sampleCount" : 28804,
    "errorCount" : 866,
    "errorPct" : 3.006527,
    "meanResTime" : 705.8717539230653,
    "medianResTime" : 94.0,
    "minResTime" : 29.0,
    "maxResTime" : 32225.0,
    "pct1ResTime" : 116.0,
    "pct2ResTime" : 122.0,
    "pct3ResTime" : 28913.970000000005,
    "throughput" : 851.710576894645,
    "receivedKBytesPerSec" : 2900.927808009181,
    "sentKBytesPerSec" : 104.80032489133326
  },
  "Delete character" : {
    "transaction" : "Delete character",
    "sampleCount" : 27950,
    "errorCount" : 0,
    "errorPct" : 0.0,
    "meanResTime" : 79.01116279069753,
    "medianResTime" : 91.0,
    "minResTime" : 29.0,
    "maxResTime" : 127.0,
    "pct1ResTime" : 110.0,
    "pct2ResTime" : 113.0,
    "pct3ResTime" : 122.0,
    "throughput" : 942.6008363685418,
    "receivedKBytesPerSec" : 229.20664868727235,
    "sentKBytesPerSec" : 196.0683380336908
  },
  "Total" : {
    "transaction" : "Total",
    "sampleCount" : 141146,
    "errorCount" : 866,
    "errorPct" : 0.6135491,
    "meanResTime" : 207.21242543182314,
    "medianResTime" : 109.0,
    "minResTime" : 3.0,
    "maxResTime" : 32225.0,
    "pct1ResTime" : 121.0,
    "pct2ResTime" : 123.0,
    "pct3ResTime" : 28913.970000000005,
    "throughput" : 4173.571069517135,
    "receivedKBytesPerSec" : 3692.4891922347642,
    "sentKBytesPerSec" : 758.1668103543865
  },
  "Get character by ID" : {
    "transaction" : "Get character by ID",
    "sampleCount" : 28210,
    "errorCount" : 0,
    "errorPct" : 0.0,
    "meanResTime" : 80.82339595887989,
    "medianResTime" : 93.0,
    "minResTime" : 3.0,
    "maxResTime" : 238.0,
    "pct1ResTime" : 111.0,
    "pct2ResTime" : 117.0,
    "pct3ResTime" : 140.9900000000016,
    "throughput" : 946.6125297808799,
    "receivedKBytesPerSec" : 237.57755874383412,
    "sentKBytesPerSec" : 117.40213992399585
  },
  "Change character" : {
    "transaction" : "Change character",
    "sampleCount" : 28049,
    "errorCount" : 0,
    "errorPct" : 0.0,
    "meanResTime" : 78.72084566294672,
    "medianResTime" : 91.0,
    "minResTime" : 29.0,
    "maxResTime" : 151.0,
    "pct1ResTime" : 109.0,
    "pct2ResTime" : 113.0,
    "pct3ResTime" : 122.0,
    "throughput" : 944.0928980141366,
    "receivedKBytesPerSec" : 216.66194436847863,
    "sentKBytesPerSec" : 213.89604720632784
  },
  "Create character" : {
    "transaction" : "Create character",
    "sampleCount" : 28133,
    "errorCount" : 0,
    "errorPct" : 0.0,
    "meanResTime" : 78.86979703550934,
    "medianResTime" : 91.0,
    "minResTime" : 29.0,
    "maxResTime" : 238.0,
    "pct1ResTime" : 109.0,
    "pct2ResTime" : 113.0,
    "pct3ResTime" : 123.0,
    "throughput" : 944.7261492998422,
    "receivedKBytesPerSec" : 216.80727059127238,
    "sentKBytesPerSec" : 215.88468646109675
  }
}