{
  "Get characters" : {
    "transaction" : "Get characters",
    "sampleCount" : 158327,
    "errorCount" : 11335,
    "errorPct" : 7.1592336,
    "meanResTime" : 7463.084470747233,
    "medianResTime" : 93.0,
    "minResTime" : 0.0,
    "maxResTime" : 174600.0,
    "pct1ResTime" : 106.0,
    "pct2ResTime" : 113.95000000000073,
    "pct3ResTime" : 121618.98000000001,
    "throughput" : 650.6143414834601,
    "receivedKBytesPerSec" : 3813.886666581056,
    "sentKBytesPerSec" : 75.15694023525786
  },
  "Delete character" : {
    "transaction" : "Delete character",
    "sampleCount" : 149238,
    "errorCount" : 1972,
    "errorPct" : 1.3213793,
    "meanResTime" : 542.4738538441944,
    "medianResTime" : 92.0,
    "minResTime" : 0.0,
    "maxResTime" : 133847.0,
    "pct1ResTime" : 106.0,
    "pct2ResTime" : 120.0,
    "pct3ResTime" : 65149.0,
    "throughput" : 601.9457418745916,
    "receivedKBytesPerSec" : 155.87583735292992,
    "sentKBytesPerSec" : 124.31085708916169
  },
  "Total" : {
    "transaction" : "Total",
    "sampleCount" : 768970,
    "errorCount" : 31921,
    "errorPct" : 4.1511374,
    "meanResTime" : 2556.2763865950574,
    "medianResTime" : 92.0,
    "minResTime" : 0.0,
    "maxResTime" : 174600.0,
    "pct1ResTime" : 65374.0,
    "pct2ResTime" : 129919.0,
    "pct3ResTime" : 132806.0,
    "throughput" : 2805.6918726625922,
    "receivedKBytesPerSec" : 4003.8985144634225,
    "sentKBytesPerSec" : 496.56884591922835
  },
  "Get character by ID" : {
    "transaction" : "Get character by ID",
    "sampleCount" : 157511,
    "errorCount" : 10223,
    "errorPct" : 6.49034,
    "meanResTime" : 2609.4540190843786,
    "medianResTime" : 97.0,
    "minResTime" : 0.0,
    "maxResTime" : 133888.0,
    "pct1ResTime" : 65146.0,
    "pct2ResTime" : 65420.95,
    "pct3ResTime" : 132469.0,
    "throughput" : 575.2313546756652,
    "receivedKBytesPerSec" : 184.75543076341566,
    "sentKBytesPerSec" : 69.02269226221779
  },
  "Change character" : {
    "transaction" : "Change character",
    "sampleCount" : 150863,
    "errorCount" : 3227,
    "errorPct" : 2.1390269,
    "meanResTime" : 807.1721296805732,
    "medianResTime" : 93.0,
    "minResTime" : 0.0,
    "maxResTime" : 133889.0,
    "pct1ResTime" : 109.0,
    "pct2ResTime" : 64750.0,
    "pct3ResTime" : 65341.92000000001,
    "throughput" : 621.0884269723056,
    "receivedKBytesPerSec" : 158.03347158410216,
    "sentKBytesPerSec" : 139.1362247376503
  },
  "Create character" : {
    "transaction" : "Create character",
    "sampleCount" : 153031,
    "errorCount" : 5164,
    "errorPct" : 3.3744798,
    "meanResTime" : 1113.1355346302387,
    "medianResTime" : 94.0,
    "minResTime" : 0.0,
    "maxResTime" : 135682.0,
    "pct1ResTime" : 24953.60000000053,
    "pct2ResTime" : 65059.0,
    "pct3ResTime" : 129324.97,
    "throughput" : 569.5639066402165,
    "receivedKBytesPerSec" : 154.96779580152673,
    "sentKBytesPerSec" : 127.6290907014266
  }
}