{
  "Get characters" : {
    "transaction" : "Get characters",
    "sampleCount" : 20000,
    "errorCount" : 1163,
    "errorPct" : 5.815,
    "meanResTime" : 2566.8464999999997,
    "medianResTime" : 4.0,
    "minResTime" : 0.0,
    "maxResTime" : 33264.0,
    "pct1ResTime" : 11019.900000000001,
    "pct2ResTime" : 18301.800000000003,
    "pct3ResTime" : 32387.960000000006,
    "throughput" : 565.9629860207143,
    "receivedKBytesPerSec" : 1975.6715228206888,
    "sentKBytesPerSec" : 65.59041214485822
  },
  "Delete character" : {
    "transaction" : "Delete character",
    "sampleCount" : 20000,
    "errorCount" : 70,
    "errorPct" : 0.35,
    "meanResTime" : 57.22604999999993,
    "medianResTime" : 4.0,
    "minResTime" : 0.0,
    "maxResTime" : 20927.0,
    "pct1ResTime" : 91.0,
    "pct2ResTime" : 164.0,
    "pct3ResTime" : 340.0,
    "throughput" : 581.8012566907145,
    "receivedKBytesPerSec" : 146.1363737600361,
    "sentKBytesPerSec" : 120.59563949048756
  },
  "Total" : {
    "transaction" : "Total",
    "sampleCount" : 100000,
    "errorCount" : 2451,
    "errorPct" : 2.451,
    "meanResTime" : 637.7843400000012,
    "medianResTime" : 4.0,
    "minResTime" : 0.0,
    "maxResTime" : 33264.0,
    "pct1ResTime" : 8.0,
    "pct2ResTime" : 18047.95,
    "pct3ResTime" : 32387.960000000006,
    "throughput" : 2829.654782116582,
    "receivedKBytesPerSec" : 2598.4326641641906,
    "sentKBytesPerSec" : 505.01050619871245
  },
  "Get character by ID" : {
    "transaction" : "Get character by ID",
    "sampleCount" : 20000,
    "errorCount" : 763,
    "errorPct" : 3.815,
    "meanResTime" : 137.0941499999999,
    "medianResTime" : 4.0,
    "minResTime" : 0.0,
    "maxResTime" : 20995.0,
    "pct1ResTime" : 121.0,
    "pct2ResTime" : 185.0,
    "pct3ResTime" : 4737.960000000006,
    "throughput" : 574.7621921430008,
    "receivedKBytesPerSec" : 194.29462646743974,
    "sentKBytesPerSec" : 68.56449887023307
  },
  "Change character" : {
    "transaction" : "Change character",
    "sampleCount" : 20000,
    "errorCount" : 110,
    "errorPct" : 0.55,
    "meanResTime" : 196.93140000000105,
    "medianResTime" : 4.0,
    "minResTime" : 0.0,
    "maxResTime" : 21005.0,
    "pct1ResTime" : 108.0,
    "pct2ResTime" : 151.0,
    "pct3ResTime" : 9565.660000000214,
    "throughput" : 580.3998955280189,
    "receivedKBytesPerSec" : 140.55114638048113,
    "sentKBytesPerSec" : 130.77361864824863
  },
  "Create character" : {
    "transaction" : "Create character",
    "sampleCount" : 20000,
    "errorCount" : 345,
    "errorPct" : 1.725,
    "meanResTime" : 230.82360000000114,
    "medianResTime" : 4.0,
    "minResTime" : 0.0,
    "maxResTime" : 20811.0,
    "pct1ResTime" : 120.0,
    "pct2ResTime" : 171.0,
    "pct3ResTime" : 9616.680000000051,
    "throughput" : 578.2017924255565,
    "receivedKBytesPerSec" : 155.6699630944637,
    "sentKBytesPerSec" : 129.84893348872507
  }
}